<?xml version="1.0" encoding="UTF-8"?>
<project-private xmlns="http://www.netbeans.org/ns/project-private/1">
    <editor-bookmarks xmlns="http://www.netbeans.org/ns/editor-bookmarks/2" lastBookmarkId="0"/>
    <open-files xmlns="http://www.netbeans.org/ns/projectui-open-files/2">
        <group>
            <file>file:/C:/Users/JRBlanco/Documents/DAM/Programación/Tareas/Blanco_Gutierrez_Jose_Ramon_PROG09_Tarea/PROG09_Ejerc1/ListadoClientesCCC.txt</file>
            <file>file:/C:/Users/JRBlanco/Documents/DAM/Programación/Tareas/Blanco_Gutierrez_Jose_Ramon_PROG09_Tarea/PROG09_Ejerc1/src/PROG09_Ejerc1/Banco.java</file>
            <file>file:/C:/Users/JRBlanco/Documents/DAM/Programación/Tareas/Blanco_Gutierrez_Jose_Ramon_PROG09_Tarea/PROG09_Ejerc1/src/PROG09_Ejerc1/Principal.java</file>
        </group>
    </open-files>
</project-private>
