<?xml version="1.0" encoding="UTF-8"?>
<project-private xmlns="http://www.netbeans.org/ns/project-private/1">
    <editor-bookmarks xmlns="http://www.netbeans.org/ns/editor-bookmarks/2" lastBookmarkId="0"/>
    <open-files xmlns="http://www.netbeans.org/ns/projectui-open-files/2">
        <group>
            <file>file:/C:/Users/jrblanco/Documents/NetBeansProjects/Comunidades/src/Inmueble.java</file>
            <file>file:/C:/Users/jrblanco/Documents/NetBeansProjects/Comunidades/src/AdministacionDeFincas.java</file>
            <file>file:/C:/Users/jrblanco/Documents/NetBeansProjects/Comunidades/src/Vecino.java</file>
            <file>file:/C:/Users/jrblanco/Documents/NetBeansProjects/Comunidades/src/Comunidad.java</file>
            <file>file:/C:/Users/jrblanco/Documents/NetBeansProjects/Comunidades/src/Junta.java</file>
            <file>file:/C:/Users/jrblanco/Documents/NetBeansProjects/Comunidades/src/Facturas.java</file>
            <file>file:/C:/Users/jrblanco/Documents/NetBeansProjects/Comunidades/src/Empresa.java</file>
            <file>file:/C:/Users/jrblanco/Documents/NetBeansProjects/Comunidades/src/comunidades/Comunidades.java</file>
            <file>file:/C:/Users/jrblanco/Documents/NetBeansProjects/Comunidades/src/Trabajador.java</file>
        </group>
    </open-files>
</project-private>
